num_keys,bucket_size,leaf_size,bits_per_key,build_time,hashing_time,bijection_time,splitting_time,splitting_tree,unary,fixed,bucket_prefixes
1e+06,100,2,5.2569,1443,6923,8.89421e+07,8.00665e+08,5181235,4808618,372617,75664
1e+06,100,2,5.14649,1419,6968,8.80675e+07,7.92766e+08,5070984,4698280,372704,75507
1e+06,100,2,5.01651,1408,7622,8.72955e+07,7.89753e+08,4940686,4567962,372724,75820
